id,date,holiday,weekday,workingday,weathersit,temp,atemp,hum,windspeed,casual
0,2011-01-01,0,6,0,2,0.344167,0.363625,0.805833,0.160446,331
1,2011-01-02,0,0,0,2,0.363478,0.353739,0.696087,0.248539,131
2,2011-01-03,0,1,1,1,0.196364,0.189405,0.437273,0.248309,120
3,2011-01-04,0,2,1,1,0.2,0.212122,0.590435,0.160296,108
4,2011-01-05,0,3,1,1,0.226957,0.22927,0.436957,0.1869,82
5,2011-01-06,0,4,1,1,0.204348,0.233209,0.518261,0.0895652,88
6,2011-01-07,0,5,1,2,0.196522,0.208839,0.498696,0.168726,148
7,2011-01-08,0,6,0,2,0.165,0.162254,0.535833,0.266804,68
8,2011-01-09,0,0,0,1,0.138333,0.116175,0.434167,0.36195,54
9,2011-01-10,0,1,1,1,0.150833,0.150888,0.482917,0.223267,41
10,2011-01-11,0,2,1,2,0.169091,0.191464,0.686364,0.122132,43
11,2011-01-12,0,3,1,1,0.172727,0.160473,0.599545,0.304627,25
12,2011-01-13,0,4,1,1,0.165,0.150883,0.470417,0.301,38
13,2011-01-14,0,5,1,1,0.16087,0.188413,0.537826,0.126548,54
14,2011-01-15,0,6,0,2,0.233333,0.248112,0.49875,0.157963,222
15,2011-01-16,0,0,0,1,0.231667,0.234217,0.48375,0.188433,251
16,2011-01-17,1,1,0,2,0.175833,0.176771,0.5375,0.194017,117
17,2011-01-18,0,2,1,2,0.216667,0.232333,0.861667,0.146775,9
18,2011-01-19,0,3,1,2,0.292174,0.298422,0.741739,0.208317,78
19,2011-01-20,0,4,1,2,0.261667,0.25505,0.538333,0.195904,83
20,2011-01-21,0,5,1,1,0.1775,0.157833,0.457083,0.353242,75
21,2011-01-22,0,6,0,1,0.0591304,0.0790696,0.4,0.17197,93
22,2011-01-23,0,0,0,1,0.0965217,0.0988391,0.436522,0.2466,150
23,2011-01-24,0,1,1,1,0.0973913,0.11793,0.491739,0.15833,86
24,2011-01-25,0,2,1,2,0.223478,0.234526,0.616957,0.129796,186
25,2011-01-26,0,3,1,3,0.2175,0.2036,0.8625,0.29385,34
26,2011-01-27,0,4,1,1,0.195,0.2197,0.6875,0.113837,15
27,2011-01-28,0,5,1,2,0.203478,0.223317,0.793043,0.1233,38
28,2011-01-29,0,6,0,1,0.196522,0.212126,0.651739,0.145365,123
29,2011-01-30,0,0,0,1,0.216522,0.250322,0.722174,0.0739826,140
30,2011-01-31,0,1,1,2,0.180833,0.18625,0.60375,0.187192,42
31,2011-02-01,0,2,1,2,0.192174,0.23453,0.829565,0.053213,47
32,2011-02-02,0,3,1,2,0.26,0.254417,0.775417,0.264308,72
33,2011-02-03,0,4,1,1,0.186957,0.177878,0.437826,0.277752,61
34,2011-02-04,0,5,1,2,0.211304,0.228587,0.585217,0.127839,88
35,2011-02-05,0,6,0,2,0.233333,0.243058,0.929167,0.161079,100
36,2011-02-06,0,0,0,1,0.285833,0.291671,0.568333,0.1418,354
37,2011-02-07,0,1,1,1,0.271667,0.303658,0.738333,0.0454083,120
38,2011-02-08,0,2,1,1,0.220833,0.198246,0.537917,0.36195,64
39,2011-02-09,0,3,1,2,0.134783,0.144283,0.494783,0.188839,53
40,2011-02-10,0,4,1,1,0.144348,0.149548,0.437391,0.221935,47
41,2011-02-11,0,5,1,1,0.189091,0.213509,0.506364,0.10855,149
42,2011-02-12,0,6,0,1,0.2225,0.232954,0.544167,0.203367,288
43,2011-02-13,0,0,0,1,0.316522,0.324113,0.457391,0.260883,397
44,2011-02-14,0,1,1,1,0.415,0.39835,0.375833,0.417908,208
45,2011-02-15,0,2,1,1,0.266087,0.254274,0.314348,0.291374,140
46,2011-02-16,0,3,1,1,0.318261,0.3162,0.423478,0.251791,218
47,2011-02-17,0,4,1,1,0.435833,0.428658,0.505,0.230104,259
48,2011-02-18,0,5,1,1,0.521667,0.511983,0.516667,0.264925,579
49,2011-02-19,0,6,0,1,0.399167,0.391404,0.187917,0.507463,532
50,2011-02-20,0,0,0,1,0.285217,0.27733,0.407826,0.223235,639
51,2011-02-21,1,1,0,2,0.303333,0.284075,0.605,0.307846,195
52,2011-02-22,0,2,1,1,0.182222,0.186033,0.577778,0.195683,74
53,2011-02-23,0,3,1,1,0.221739,0.245717,0.423043,0.094113,139
54,2011-02-24,0,4,1,2,0.295652,0.289191,0.697391,0.250496,100
55,2011-02-25,0,5,1,2,0.364348,0.350461,0.712174,0.346539,120
56,2011-02-26,0,6,0,1,0.2825,0.282192,0.537917,0.186571,424
57,2011-02-27,0,0,0,1,0.343478,0.351109,0.68,0.125248,694
58,2011-02-28,0,1,1,2,0.407273,0.400118,0.876364,0.289686,81
59,2011-03-01,0,2,1,1,0.266667,0.263879,0.535,0.216425,137
60,2011-03-02,0,3,1,1,0.335,0.320071,0.449583,0.307833,231
61,2011-03-03,0,4,1,1,0.198333,0.200133,0.318333,0.225754,123
62,2011-03-04,0,5,1,2,0.261667,0.255679,0.610417,0.203346,214
63,2011-03-05,0,6,0,2,0.384167,0.378779,0.789167,0.251871,640
64,2011-03-06,0,0,0,2,0.376522,0.366252,0.948261,0.343287,114
65,2011-03-07,0,1,1,1,0.261739,0.238461,0.551304,0.341352,244
66,2011-03-08,0,2,1,1,0.2925,0.3024,0.420833,0.12065,316
67,2011-03-09,0,3,1,2,0.295833,0.286608,0.775417,0.22015,191
68,2011-03-10,0,4,1,3,0.389091,0.385668,0.0,0.261877,46
69,2011-03-11,0,5,1,2,0.316522,0.305,0.649565,0.23297,247
70,2011-03-12,0,6,0,1,0.329167,0.32575,0.594583,0.220775,724
71,2011-03-13,0,0,0,1,0.384348,0.380091,0.527391,0.270604,982
72,2011-03-14,0,1,1,1,0.325217,0.332,0.496957,0.136926,359
73,2011-03-15,0,2,1,2,0.317391,0.318178,0.655652,0.184309,289
74,2011-03-16,0,3,1,2,0.365217,0.36693,0.776522,0.203117,321
75,2011-03-17,0,4,1,1,0.415,0.410333,0.602917,0.209579,424
76,2011-03-18,0,5,1,1,0.54,0.527009,0.525217,0.231017,884
77,2011-03-19,0,6,0,1,0.4725,0.466525,0.379167,0.368167,1424
78,2011-03-20,0,0,0,1,0.3325,0.32575,0.47375,0.207721,1047
79,2011-03-21,0,1,1,2,0.430435,0.409735,0.737391,0.288783,401
80,2011-03-22,0,2,1,1,0.441667,0.440642,0.624583,0.22575,460
81,2011-03-23,0,3,1,2,0.346957,0.337939,0.839565,0.234261,203
82,2011-03-24,0,4,1,2,0.285,0.270833,0.805833,0.243787,166
83,2011-03-25,0,5,1,1,0.264167,0.256312,0.495,0.230725,300
84,2011-03-26,0,6,0,1,0.265833,0.257571,0.394167,0.209571,981
85,2011-03-27,0,0,0,2,0.253043,0.250339,0.493913,0.1843,472
86,2011-03-28,0,1,1,1,0.264348,0.257574,0.302174,0.212204,222
87,2011-03-29,0,2,1,1,0.3025,0.292908,0.314167,0.226996,317
88,2011-03-30,0,3,1,2,0.3,0.29735,0.646667,0.172888,168
89,2011-03-31,0,4,1,3,0.268333,0.257575,0.918333,0.217646,179
90,2011-04-01,0,5,1,2,0.3,0.283454,0.68625,0.258708,307
91,2011-04-02,0,6,0,2,0.315,0.315637,0.65375,0.197146,898
92,2011-04-03,0,0,0,1,0.378333,0.378767,0.48,0.182213,1651
93,2011-04-04,0,1,1,1,0.573333,0.542929,0.42625,0.385571,734
94,2011-04-05,0,2,1,2,0.414167,0.39835,0.642083,0.388067,167
95,2011-04-06,0,3,1,1,0.390833,0.387608,0.470833,0.263063,413
96,2011-04-07,0,4,1,1,0.4375,0.433696,0.602917,0.162312,571
97,2011-04-08,0,5,1,2,0.335833,0.324479,0.83625,0.226992,172
98,2011-04-09,0,6,0,2,0.3425,0.341529,0.8775,0.133083,879
99,2011-04-10,0,0,0,2,0.426667,0.426737,0.8575,0.146767,1188
100,2011-04-11,0,1,1,2,0.595652,0.565217,0.716956,0.324474,855
101,2011-04-12,0,2,1,2,0.5025,0.493054,0.739167,0.274879,257
102,2011-04-13,0,3,1,2,0.4125,0.417283,0.819167,0.250617,209
103,2011-04-14,0,4,1,1,0.4675,0.462742,0.540417,0.1107,529
104,2011-04-15,1,5,0,1,0.446667,0.441913,0.67125,0.226375,642
105,2011-04-16,0,6,0,3,0.430833,0.425492,0.888333,0.340808,121
106,2011-04-17,0,0,0,1,0.456667,0.445696,0.479583,0.303496,1558
107,2011-04-18,0,1,1,1,0.5125,0.503146,0.5425,0.163567,669
108,2011-04-19,0,2,1,2,0.505833,0.489258,0.665833,0.157971,409
109,2011-04-20,0,3,1,1,0.595,0.564392,0.614167,0.241925,613
110,2011-04-21,0,4,1,1,0.459167,0.453892,0.407083,0.325258,745
111,2011-04-22,0,5,1,2,0.336667,0.321954,0.729583,0.219521,177
112,2011-04-23,0,6,0,2,0.46,0.450121,0.887917,0.230725,1462
113,2011-04-24,0,0,0,2,0.581667,0.551763,0.810833,0.192175,1710
114,2011-04-25,0,1,1,1,0.606667,0.5745,0.776667,0.185333,773
115,2011-04-26,0,2,1,1,0.631667,0.594083,0.729167,0.3265,678
116,2011-04-27,0,3,1,2,0.62,0.575142,0.835417,0.3122,547
117,2011-04-28,0,4,1,2,0.6175,0.578929,0.700833,0.320908,569
118,2011-04-29,0,5,1,1,0.51,0.497463,0.457083,0.240063,878
119,2011-04-30,0,6,0,1,0.4725,0.464021,0.503333,0.235075,1965
120,2011-05-01,0,0,0,2,0.451667,0.448204,0.762083,0.106354,1138
121,2011-05-02,0,1,1,2,0.549167,0.532833,0.73,0.183454,847
122,2011-05-03,0,2,1,2,0.616667,0.582079,0.697083,0.342667,603
123,2011-05-04,0,3,1,2,0.414167,0.40465,0.737083,0.328996,255
124,2011-05-05,0,4,1,1,0.459167,0.441917,0.444167,0.295392,614
125,2011-05-06,0,5,1,1,0.479167,0.474117,0.59,0.228246,894
126,2011-05-07,0,6,0,1,0.52,0.512621,0.54125,0.16045,1612
127,2011-05-08,0,0,0,1,0.528333,0.518933,0.631667,0.0746375,1401
128,2011-05-09,0,1,1,1,0.5325,0.525246,0.58875,0.176,664
129,2011-05-10,0,2,1,1,0.5325,0.522721,0.489167,0.115671,694
130,2011-05-11,0,3,1,1,0.5425,0.5284,0.632917,0.120642,550
131,2011-05-12,0,4,1,1,0.535,0.523363,0.7475,0.189667,695
132,2011-05-13,0,5,1,2,0.5125,0.4943,0.863333,0.179725,692
133,2011-05-14,0,6,0,2,0.520833,0.500629,0.9225,0.13495,902
134,2011-05-15,0,0,0,2,0.5625,0.536,0.867083,0.152979,1582
135,2011-05-16,0,1,1,1,0.5775,0.550512,0.787917,0.126871,773
136,2011-05-17,0,2,1,2,0.561667,0.538529,0.837917,0.277354,678
137,2011-05-18,0,3,1,2,0.55,0.527158,0.87,0.201492,536
138,2011-05-19,0,4,1,2,0.530833,0.510742,0.829583,0.108213,735
139,2011-05-20,0,5,1,1,0.536667,0.529042,0.719583,0.125013,909
140,2011-05-21,0,6,0,1,0.6025,0.571975,0.626667,0.12065,2258
141,2011-05-22,0,0,0,1,0.604167,0.5745,0.749583,0.148008,1576
142,2011-05-23,0,1,1,2,0.631667,0.590296,0.81,0.233842,836
143,2011-05-24,0,2,1,2,0.66,0.604813,0.740833,0.207092,659
144,2011-05-25,0,3,1,1,0.660833,0.615542,0.69625,0.154233,740
145,2011-05-26,0,4,1,1,0.708333,0.654688,0.6775,0.199642,758
146,2011-05-27,0,5,1,1,0.681667,0.637008,0.65375,0.240679,871
147,2011-05-28,0,6,0,1,0.655833,0.612379,0.729583,0.230092,2001
148,2011-05-29,0,0,0,1,0.6675,0.61555,0.81875,0.213938,2355
149,2011-05-30,1,1,0,1,0.733333,0.671092,0.685,0.131225,1549
150,2011-05-31,0,2,1,1,0.775,0.725383,0.636667,0.111329,673
151,2011-06-01,0,3,1,2,0.764167,0.720967,0.677083,0.207092,513
152,2011-06-02,0,4,1,1,0.715,0.643942,0.305,0.292287,736
153,2011-06-03,0,5,1,1,0.62,0.587133,0.354167,0.253121,898
154,2011-06-04,0,6,0,1,0.635,0.594696,0.45625,0.123142,1869
155,2011-06-05,0,0,0,2,0.648333,0.616804,0.6525,0.138692,1685
156,2011-06-06,0,1,1,1,0.678333,0.621858,0.6,0.121896,673
157,2011-06-07,0,2,1,1,0.7075,0.65595,0.597917,0.187808,763
158,2011-06-08,0,3,1,1,0.775833,0.727279,0.622083,0.136817,676
159,2011-06-09,0,4,1,2,0.808333,0.757579,0.568333,0.149883,563
160,2011-06-10,0,5,1,1,0.755,0.703292,0.605,0.140554,815
161,2011-06-11,0,6,0,1,0.725,0.678038,0.654583,0.15485,1729
162,2011-06-12,0,0,0,1,0.6925,0.643325,0.747917,0.163567,1467
163,2011-06-13,0,1,1,1,0.635,0.601654,0.494583,0.30535,863
164,2011-06-14,0,2,1,1,0.604167,0.591546,0.507083,0.269283,727
165,2011-06-15,0,3,1,1,0.626667,0.587754,0.471667,0.167912,769
166,2011-06-16,0,4,1,2,0.628333,0.595346,0.688333,0.206471,545
167,2011-06-17,0,5,1,1,0.649167,0.600383,0.735833,0.143029,863
168,2011-06-18,0,6,0,1,0.696667,0.643954,0.670417,0.119408,1807
169,2011-06-19,0,0,0,2,0.699167,0.645846,0.666667,0.102,1639
170,2011-06-20,0,1,1,2,0.635,0.595346,0.74625,0.155475,699
171,2011-06-21,0,2,1,2,0.680833,0.637646,0.770417,0.171025,774
172,2011-06-22,0,3,1,1,0.733333,0.693829,0.7075,0.172262,661
173,2011-06-23,0,4,1,2,0.728333,0.693833,0.703333,0.238804,746
174,2011-06-24,0,5,1,1,0.724167,0.656583,0.573333,0.222025,969
175,2011-06-25,0,6,0,1,0.695,0.643313,0.483333,0.209571,1782
176,2011-06-26,0,0,0,1,0.68,0.637629,0.513333,0.0945333,1920
177,2011-06-27,0,1,1,2,0.6825,0.637004,0.658333,0.107588,854
178,2011-06-28,0,2,1,1,0.744167,0.692558,0.634167,0.144283,732
179,2011-06-29,0,3,1,1,0.728333,0.654688,0.497917,0.261821,848
180,2011-06-30,0,4,1,1,0.696667,0.637008,0.434167,0.185312,1027
181,2011-07-01,0,5,1,1,0.7225,0.652162,0.39625,0.102608,1246
182,2011-07-02,0,6,0,1,0.738333,0.667308,0.444583,0.115062,2204
183,2011-07-03,0,0,0,2,0.716667,0.668575,0.6825,0.228858,2282
184,2011-07-04,1,1,0,2,0.726667,0.665417,0.637917,0.0814792,3065
185,2011-07-05,0,2,1,1,0.746667,0.696338,0.590417,0.126258,1031
186,2011-07-06,0,3,1,1,0.72,0.685633,0.743333,0.149883,784
187,2011-07-07,0,4,1,1,0.75,0.686871,0.65125,0.1592,754
188,2011-07-08,0,5,1,2,0.709167,0.670483,0.757917,0.225129,692
189,2011-07-09,0,6,0,1,0.733333,0.664158,0.609167,0.167912,1988
190,2011-07-10,0,0,0,1,0.7475,0.690025,0.578333,0.183471,1743
191,2011-07-11,0,1,1,1,0.7625,0.729804,0.635833,0.282337,723
192,2011-07-12,0,2,1,1,0.794167,0.739275,0.559167,0.200254,662
193,2011-07-13,0,3,1,1,0.746667,0.689404,0.631667,0.146133,748
194,2011-07-14,0,4,1,1,0.680833,0.635104,0.47625,0.240667,888
195,2011-07-15,0,5,1,1,0.663333,0.624371,0.59125,0.182833,1318
196,2011-07-16,0,6,0,1,0.686667,0.638263,0.585,0.208342,2418
197,2011-07-17,0,0,0,1,0.719167,0.669833,0.604167,0.245033,2006
198,2011-07-18,0,1,1,1,0.746667,0.703925,0.65125,0.215804,841
199,2011-07-19,0,2,1,1,0.776667,0.747479,0.650417,0.1306,752
200,2011-07-20,0,3,1,1,0.768333,0.74685,0.707083,0.113817,644
201,2011-07-21,0,4,1,2,0.815,0.826371,0.69125,0.222021,632
202,2011-07-22,0,5,1,1,0.848333,0.840896,0.580417,0.1331,562
203,2011-07-23,0,6,0,1,0.849167,0.804287,0.5,0.131221,987
204,2011-07-24,0,0,0,1,0.83,0.794829,0.550833,0.169171,1050
205,2011-07-25,0,1,1,1,0.743333,0.720958,0.757083,0.0908083,568
206,2011-07-26,0,2,1,1,0.771667,0.696979,0.540833,0.200258,750
207,2011-07-27,0,3,1,1,0.775,0.690667,0.402917,0.183463,755
208,2011-07-28,0,4,1,1,0.779167,0.7399,0.583333,0.178479,606
209,2011-07-29,0,5,1,1,0.838333,0.785967,0.5425,0.174138,670
210,2011-07-30,0,6,0,1,0.804167,0.728537,0.465833,0.168537,1559
211,2011-07-31,0,0,0,1,0.805833,0.729796,0.480833,0.164813,1524
212,2011-08-01,0,1,1,1,0.771667,0.703292,0.550833,0.156717,729
213,2011-08-02,0,2,1,1,0.783333,0.707071,0.49125,0.20585,801
214,2011-08-03,0,3,1,2,0.731667,0.679937,0.6575,0.135583,467
215,2011-08-04,0,4,1,2,0.71,0.664788,0.7575,0.19715,799
216,2011-08-05,0,5,1,1,0.710833,0.656567,0.630833,0.184696,1023
217,2011-08-06,0,6,0,2,0.716667,0.676154,0.755,0.22825,1521
218,2011-08-07,0,0,0,1,0.7425,0.715292,0.752917,0.201487,1298
219,2011-08-08,0,1,1,1,0.765,0.703283,0.592083,0.192175,846
220,2011-08-09,0,2,1,1,0.775,0.724121,0.570417,0.151121,907
221,2011-08-10,0,3,1,1,0.766667,0.684983,0.424167,0.200258,884
222,2011-08-11,0,4,1,1,0.7175,0.651521,0.42375,0.164796,812
223,2011-08-12,0,5,1,1,0.708333,0.654042,0.415,0.125621,1051
224,2011-08-13,0,6,0,2,0.685833,0.645858,0.729583,0.211454,1504
225,2011-08-14,0,0,0,2,0.676667,0.624388,0.8175,0.222633,1338
226,2011-08-15,0,1,1,1,0.665833,0.616167,0.712083,0.208954,775
227,2011-08-16,0,2,1,1,0.700833,0.645837,0.578333,0.236329,721
228,2011-08-17,0,3,1,1,0.723333,0.666671,0.575417,0.143667,668
229,2011-08-18,0,4,1,1,0.711667,0.662258,0.654583,0.233208,639
230,2011-08-19,0,5,1,2,0.685,0.633221,0.722917,0.139308,797
231,2011-08-20,0,6,0,1,0.6975,0.648996,0.674167,0.104467,1914
232,2011-08-21,0,0,0,1,0.710833,0.675525,0.77,0.248754,1249
233,2011-08-22,0,1,1,1,0.691667,0.638254,0.47,0.27675,833
234,2011-08-23,0,2,1,1,0.640833,0.606067,0.455417,0.146763,1281
235,2011-08-24,0,3,1,1,0.673333,0.630692,0.605,0.253108,949
236,2011-08-25,0,4,1,2,0.684167,0.645854,0.771667,0.210833,435
237,2011-08-26,0,5,1,1,0.7,0.659733,0.76125,0.0839625,768
238,2011-08-27,0,6,0,2,0.68,0.635556,0.85,0.375617,226
239,2011-08-28,0,0,0,1,0.707059,0.647959,0.561765,0.304659,1415
240,2011-08-29,0,1,1,1,0.636667,0.607958,0.554583,0.159825,729
241,2011-08-30,0,2,1,1,0.639167,0.594704,0.548333,0.125008,775
242,2011-08-31,0,3,1,1,0.656667,0.611121,0.597917,0.0833333,688
243,2011-09-01,0,4,1,1,0.655,0.614921,0.639167,0.141796,783
244,2011-09-02,0,5,1,2,0.643333,0.604808,0.727083,0.139929,875
245,2011-09-03,0,6,0,1,0.669167,0.633213,0.716667,0.185325,1935
246,2011-09-04,0,0,0,1,0.709167,0.665429,0.742083,0.206467,2521
247,2011-09-05,1,1,0,2,0.673333,0.625646,0.790417,0.212696,1236
248,2011-09-06,0,2,1,3,0.54,0.5152,0.886957,0.343943,204
249,2011-09-07,0,3,1,3,0.599167,0.544229,0.917083,0.0970208,118
250,2011-09-08,0,4,1,3,0.633913,0.555361,0.939565,0.192748,153
251,2011-09-09,0,5,1,2,0.65,0.578946,0.897917,0.124379,417
252,2011-09-10,0,6,0,1,0.66,0.607962,0.75375,0.153608,1750
253,2011-09-11,0,0,0,1,0.653333,0.609229,0.71375,0.115054,1633
254,2011-09-12,0,1,1,1,0.644348,0.60213,0.692174,0.088913,690
255,2011-09-13,0,2,1,1,0.650833,0.603554,0.7125,0.141804,701
256,2011-09-14,0,3,1,1,0.673333,0.6269,0.697083,0.1673,647
257,2011-09-15,0,4,1,2,0.5775,0.553671,0.709167,0.271146,428
258,2011-09-16,0,5,1,2,0.469167,0.461475,0.590417,0.164183,742
259,2011-09-17,0,6,0,2,0.491667,0.478512,0.718333,0.189675,1434
260,2011-09-18,0,0,0,1,0.5075,0.490537,0.695,0.178483,1353
261,2011-09-19,0,1,1,2,0.549167,0.529675,0.69,0.151742,691
262,2011-09-20,0,2,1,2,0.561667,0.532217,0.88125,0.134954,438
263,2011-09-21,0,3,1,2,0.595,0.550533,0.9,0.0964042,539
264,2011-09-22,0,4,1,2,0.628333,0.554963,0.902083,0.128125,555
265,2011-09-23,0,5,1,2,0.609167,0.522125,0.9725,0.0783667,258
266,2011-09-24,0,6,0,2,0.606667,0.564412,0.8625,0.0783833,1776
267,2011-09-25,0,0,0,2,0.634167,0.572637,0.845,0.0503792,1544
268,2011-09-26,0,1,1,2,0.649167,0.589042,0.848333,0.1107,684
269,2011-09-27,0,2,1,2,0.636667,0.574525,0.885417,0.118171,477
270,2011-09-28,0,3,1,2,0.635,0.575158,0.84875,0.148629,480
271,2011-09-29,0,4,1,1,0.616667,0.574512,0.699167,0.172883,653
272,2011-09-30,0,5,1,1,0.564167,0.544829,0.6475,0.206475,830
273,2011-10-01,0,6,0,2,0.41,0.412863,0.75375,0.292296,480
274,2011-10-02,0,0,0,2,0.356667,0.345317,0.791667,0.222013,616
275,2011-10-03,0,1,1,2,0.384167,0.392046,0.760833,0.0833458,330
276,2011-10-04,0,2,1,1,0.484167,0.472858,0.71,0.205854,486
277,2011-10-05,0,3,1,1,0.538333,0.527138,0.647917,0.17725,559
278,2011-10-06,0,4,1,1,0.494167,0.480425,0.620833,0.134954,639
279,2011-10-07,0,5,1,1,0.510833,0.504404,0.684167,0.0223917,949
280,2011-10-08,0,6,0,1,0.521667,0.513242,0.70125,0.0454042,2235
281,2011-10-09,0,0,0,1,0.540833,0.523983,0.7275,0.06345,2397
282,2011-10-10,1,1,0,1,0.570833,0.542925,0.73375,0.0423042,1514
283,2011-10-11,0,2,1,2,0.566667,0.546096,0.80875,0.143042,667
284,2011-10-12,0,3,1,3,0.543333,0.517717,0.90625,0.24815,217
285,2011-10-13,0,4,1,2,0.589167,0.551804,0.896667,0.141787,290
286,2011-10-14,0,5,1,2,0.550833,0.529675,0.71625,0.223883,529
287,2011-10-15,0,6,0,1,0.506667,0.498725,0.483333,0.258083,1899
288,2011-10-16,0,0,0,1,0.511667,0.503154,0.486667,0.281717,1748
289,2011-10-17,0,1,1,1,0.534167,0.510725,0.579583,0.175379,713
290,2011-10-18,0,2,1,2,0.5325,0.522721,0.701667,0.110087,637
291,2011-10-19,0,3,1,3,0.541739,0.513848,0.895217,0.243339,254
292,2011-10-20,0,4,1,1,0.475833,0.466525,0.63625,0.422275,471
293,2011-10-21,0,5,1,1,0.4275,0.423596,0.574167,0.221396,676
294,2011-10-22,0,6,0,1,0.4225,0.425492,0.629167,0.0926667,1499
295,2011-10-23,0,0,0,1,0.421667,0.422333,0.74125,0.0995125,1619
296,2011-10-24,0,1,1,1,0.463333,0.457067,0.772083,0.118792,699
297,2011-10-25,0,2,1,1,0.471667,0.463375,0.622917,0.166658,695
298,2011-10-26,0,3,1,2,0.484167,0.472846,0.720417,0.148642,404
299,2011-10-27,0,4,1,2,0.47,0.457046,0.812917,0.197763,240
300,2011-10-28,0,5,1,2,0.330833,0.318812,0.585833,0.229479,456
301,2011-10-29,0,6,0,3,0.254167,0.227913,0.8825,0.351371,57
302,2011-10-30,0,0,0,1,0.319167,0.321329,0.62375,0.176617,885
303,2011-10-31,0,1,1,1,0.34,0.356063,0.703333,0.10635,362
304,2011-11-01,0,2,1,1,0.400833,0.397088,0.68375,0.135571,410
305,2011-11-02,0,3,1,1,0.3775,0.390133,0.71875,0.0820917,370
306,2011-11-03,0,4,1,1,0.408333,0.405921,0.702083,0.136817,318
307,2011-11-04,0,5,1,2,0.403333,0.403392,0.6225,0.271779,470
308,2011-11-05,0,6,0,1,0.326667,0.323854,0.519167,0.189062,1156
309,2011-11-06,0,0,0,1,0.348333,0.362358,0.734583,0.0920542,952
310,2011-11-07,0,1,1,1,0.395,0.400871,0.75875,0.057225,373
311,2011-11-08,0,2,1,1,0.408333,0.412246,0.721667,0.0690375,376
312,2011-11-09,0,3,1,1,0.4,0.409079,0.758333,0.0621958,305
313,2011-11-10,0,4,1,2,0.38,0.373721,0.813333,0.189067,190
314,2011-11-11,1,5,0,1,0.324167,0.306817,0.44625,0.314675,440
315,2011-11-12,0,6,0,1,0.356667,0.357942,0.552917,0.212062,1275
316,2011-11-13,0,0,0,1,0.440833,0.43055,0.458333,0.281721,1004
317,2011-11-14,0,1,1,1,0.53,0.524612,0.587083,0.306596,595
318,2011-11-15,0,2,1,2,0.53,0.507579,0.68875,0.199633,449
319,2011-11-16,0,3,1,3,0.456667,0.451988,0.93,0.136829,145
320,2011-11-17,0,4,1,2,0.341667,0.323221,0.575833,0.305362,139
321,2011-11-18,0,5,1,1,0.274167,0.272721,0.41,0.168533,245
322,2011-11-19,0,6,0,1,0.329167,0.324483,0.502083,0.224496,943
323,2011-11-20,0,0,0,2,0.463333,0.457058,0.684583,0.18595,787
324,2011-11-21,0,1,1,3,0.4475,0.445062,0.91,0.138054,220
325,2011-11-22,0,2,1,3,0.416667,0.421696,0.9625,0.118792,69
326,2011-11-23,0,3,1,2,0.440833,0.430537,0.757917,0.335825,112
327,2011-11-24,1,4,0,1,0.373333,0.372471,0.549167,0.167304,560
328,2011-11-25,0,5,1,1,0.375,0.380671,0.64375,0.0988958,1095
329,2011-11-26,0,6,0,1,0.375833,0.385087,0.681667,0.0684208,1249
330,2011-11-27,0,0,0,1,0.459167,0.4558,0.698333,0.208954,810
331,2011-11-28,0,1,1,1,0.503478,0.490122,0.743043,0.142122,253
332,2011-11-29,0,2,1,2,0.458333,0.451375,0.830833,0.258092,96
333,2011-11-30,0,3,1,1,0.325,0.311221,0.613333,0.271158,188
334,2011-12-01,0,4,1,1,0.3125,0.305554,0.524583,0.220158,182
335,2011-12-02,0,5,1,1,0.314167,0.331433,0.625833,0.100754,268
336,2011-12-03,0,6,0,1,0.299167,0.310604,0.612917,0.0957833,706
337,2011-12-04,0,0,0,1,0.330833,0.3491,0.775833,0.0839583,634
338,2011-12-05,0,1,1,2,0.385833,0.393925,0.827083,0.0622083,233
339,2011-12-06,0,2,1,3,0.4625,0.4564,0.949583,0.232583,126
340,2011-12-07,0,3,1,3,0.41,0.400246,0.970417,0.266175,50
341,2011-12-08,0,4,1,1,0.265833,0.256938,0.58,0.240058,150
342,2011-12-09,0,5,1,1,0.290833,0.317542,0.695833,0.0827167,261
343,2011-12-10,0,6,0,1,0.275,0.266412,0.5075,0.233221,502
344,2011-12-11,0,0,0,1,0.220833,0.253154,0.49,0.0665417,377
345,2011-12-12,0,1,1,1,0.238333,0.270196,0.670833,0.06345,143
346,2011-12-13,0,2,1,1,0.2825,0.301138,0.59,0.14055,155
347,2011-12-14,0,3,1,2,0.3175,0.338362,0.66375,0.0609583,178
348,2011-12-15,0,4,1,2,0.4225,0.412237,0.634167,0.268042,181
349,2011-12-16,0,5,1,2,0.375,0.359825,0.500417,0.260575,178
350,2011-12-17,0,6,0,2,0.258333,0.249371,0.560833,0.243167,275
351,2011-12-18,0,0,0,1,0.238333,0.245579,0.58625,0.169779,220
352,2011-12-19,0,1,1,1,0.276667,0.280933,0.6375,0.172896,260
353,2011-12-20,0,2,1,2,0.385833,0.396454,0.595417,0.0615708,216
354,2011-12-21,0,3,1,2,0.428333,0.428017,0.858333,0.2214,107
355,2011-12-22,0,4,1,2,0.423333,0.426121,0.7575,0.047275,227
356,2011-12-23,0,5,1,1,0.373333,0.377513,0.68625,0.274246,163
357,2011-12-24,0,6,0,1,0.3025,0.299242,0.5425,0.190304,155
358,2011-12-25,0,0,0,1,0.274783,0.279961,0.681304,0.155091,303
359,2011-12-26,1,1,0,1,0.321739,0.315535,0.506957,0.239465,430
360,2011-12-27,0,2,1,2,0.325,0.327633,0.7625,0.18845,103
361,2011-12-28,0,3,1,1,0.29913,0.279974,0.503913,0.293961,255
362,2011-12-29,0,4,1,1,0.248333,0.263892,0.574167,0.119412,254
363,2011-12-30,0,5,1,1,0.311667,0.318812,0.636667,0.134337,491
364,2011-12-31,0,6,0,1,0.41,0.414121,0.615833,0.220154,665
365,2012-01-01,0,0,0,1,0.37,0.375621,0.6925,0.192167,686
366,2012-01-02,1,1,0,1,0.273043,0.252304,0.381304,0.329665,244
367,2012-01-03,0,2,1,1,0.15,0.126275,0.44125,0.365671,89
368,2012-01-04,0,3,1,2,0.1075,0.119337,0.414583,0.1847,95
369,2012-01-05,0,4,1,1,0.265833,0.278412,0.524167,0.129987,140
370,2012-01-06,0,5,1,1,0.334167,0.340267,0.542083,0.167908,307
371,2012-01-07,0,6,0,1,0.393333,0.390779,0.531667,0.174758,1070
372,2012-01-08,0,0,0,1,0.3375,0.340258,0.465,0.191542,599
373,2012-01-09,0,1,1,2,0.224167,0.247479,0.701667,0.0989,106
374,2012-01-10,0,2,1,1,0.308696,0.318826,0.646522,0.187552,173
375,2012-01-11,0,3,1,2,0.274167,0.282821,0.8475,0.131221,92
376,2012-01-12,0,4,1,2,0.3825,0.381938,0.802917,0.180967,269
377,2012-01-13,0,5,1,1,0.274167,0.249362,0.5075,0.378108,174
378,2012-01-14,0,6,0,1,0.18,0.183087,0.4575,0.187183,333
379,2012-01-15,0,0,0,1,0.166667,0.161625,0.419167,0.251258,284
380,2012-01-16,1,1,0,1,0.19,0.190663,0.5225,0.231358,217
381,2012-01-17,0,2,1,2,0.373043,0.364278,0.716087,0.34913,127
382,2012-01-18,0,3,1,1,0.303333,0.275254,0.443333,0.415429,109
383,2012-01-19,0,4,1,1,0.19,0.190038,0.4975,0.220158,130
384,2012-01-20,0,5,1,2,0.2175,0.220958,0.45,0.20275,115
385,2012-01-21,0,6,0,2,0.173333,0.174875,0.83125,0.222642,67
386,2012-01-22,0,0,0,2,0.1625,0.16225,0.79625,0.199638,196
387,2012-01-23,0,1,1,2,0.218333,0.243058,0.91125,0.110708,145
388,2012-01-24,0,2,1,1,0.3425,0.349108,0.835833,0.123767,439
389,2012-01-25,0,3,1,1,0.294167,0.294821,0.64375,0.161071,467
390,2012-01-26,0,4,1,2,0.341667,0.35605,0.769583,0.0733958,244
391,2012-01-27,0,5,1,2,0.425,0.415383,0.74125,0.342667,269
392,2012-01-28,0,6,0,1,0.315833,0.326379,0.543333,0.210829,775
393,2012-01-29,0,0,0,1,0.2825,0.272721,0.31125,0.24005,558
394,2012-01-30,0,1,1,1,0.269167,0.262625,0.400833,0.215792,126
395,2012-01-31,0,2,1,1,0.39,0.381317,0.416667,0.261817,324
396,2012-02-01,0,3,1,1,0.469167,0.466538,0.507917,0.189067,304
397,2012-02-02,0,4,1,2,0.399167,0.398971,0.672917,0.187187,190
398,2012-02-03,0,5,1,1,0.313333,0.309346,0.526667,0.178496,310
399,2012-02-04,0,6,0,2,0.264167,0.272725,0.779583,0.121896,384
400,2012-02-05,0,0,0,2,0.265833,0.264521,0.687917,0.175996,318
401,2012-02-06,0,1,1,1,0.282609,0.296426,0.622174,0.1538,206
402,2012-02-07,0,2,1,1,0.354167,0.361104,0.49625,0.147379,199
403,2012-02-08,0,3,1,2,0.256667,0.266421,0.722917,0.133721,109
404,2012-02-09,0,4,1,1,0.265,0.261988,0.562083,0.194037,163
405,2012-02-10,0,5,1,2,0.280833,0.293558,0.54,0.116929,227
406,2012-02-11,0,6,0,3,0.224167,0.210867,0.73125,0.289796,192
407,2012-02-12,0,0,0,1,0.1275,0.101658,0.464583,0.409212,73
408,2012-02-13,0,1,1,1,0.2225,0.227913,0.41125,0.167283,94
409,2012-02-14,0,2,1,2,0.319167,0.333946,0.50875,0.141179,135
410,2012-02-15,0,3,1,1,0.348333,0.351629,0.53125,0.1816,141
411,2012-02-16,0,4,1,2,0.316667,0.330162,0.752917,0.091425,74
412,2012-02-17,0,5,1,1,0.343333,0.351629,0.634583,0.205846,349
413,2012-02-18,0,6,0,1,0.346667,0.355425,0.534583,0.190929,1435
414,2012-02-19,0,0,0,2,0.28,0.265788,0.515833,0.253112,618
415,2012-02-20,1,1,0,1,0.28,0.273391,0.507826,0.229083,502
416,2012-02-21,0,2,1,1,0.287826,0.295113,0.594348,0.205717,163
417,2012-02-22,0,3,1,1,0.395833,0.392667,0.567917,0.234471,394
418,2012-02-23,0,4,1,1,0.454167,0.444446,0.554583,0.190913,516
419,2012-02-24,0,5,1,2,0.4075,0.410971,0.7375,0.237567,246
420,2012-02-25,0,6,0,1,0.290833,0.255675,0.395833,0.421642,317
421,2012-02-26,0,0,0,1,0.279167,0.268308,0.41,0.205229,515
422,2012-02-27,0,1,1,1,0.366667,0.357954,0.490833,0.268033,253
423,2012-02-28,0,2,1,1,0.359167,0.353525,0.395833,0.193417,229
424,2012-02-29,0,3,1,2,0.344348,0.34847,0.804783,0.179117,65
425,2012-03-01,0,4,1,1,0.485833,0.475371,0.615417,0.226987,325
426,2012-03-02,0,5,1,2,0.353333,0.359842,0.657083,0.144904,246
427,2012-03-03,0,6,0,2,0.414167,0.413492,0.62125,0.161079,956
428,2012-03-04,0,0,0,1,0.325833,0.303021,0.403333,0.334571,710
429,2012-03-05,0,1,1,1,0.243333,0.241171,0.50625,0.228858,203
430,2012-03-06,0,2,1,1,0.258333,0.255042,0.456667,0.200875,221
431,2012-03-07,0,3,1,1,0.404167,0.3851,0.513333,0.345779,432
432,2012-03-08,0,4,1,1,0.5275,0.524604,0.5675,0.441563,486
433,2012-03-09,0,5,1,2,0.410833,0.397083,0.407083,0.4148,447
434,2012-03-10,0,6,0,1,0.2875,0.277767,0.350417,0.22575,968
435,2012-03-11,0,0,0,1,0.361739,0.35967,0.476957,0.222587,1658
436,2012-03-12,0,1,1,1,0.466667,0.459592,0.489167,0.207713,838
437,2012-03-13,0,2,1,1,0.565,0.542929,0.6175,0.23695,762
438,2012-03-14,0,3,1,1,0.5725,0.548617,0.507083,0.115062,997
439,2012-03-15,0,4,1,1,0.5575,0.532825,0.579583,0.149883,1005
440,2012-03-16,0,5,1,2,0.435833,0.436229,0.842083,0.113192,548
441,2012-03-17,0,6,0,2,0.514167,0.505046,0.755833,0.110704,3155
442,2012-03-18,0,0,0,2,0.4725,0.464,0.81,0.126883,2207
443,2012-03-19,0,1,1,1,0.545,0.532821,0.72875,0.162317,982
444,2012-03-20,0,2,1,1,0.560833,0.538533,0.807917,0.121271,1051
445,2012-03-21,0,3,1,2,0.531667,0.513258,0.82125,0.0895583,1122
446,2012-03-22,0,4,1,1,0.554167,0.531567,0.83125,0.117562,1334
447,2012-03-23,0,5,1,2,0.601667,0.570067,0.694167,0.1163,2469
448,2012-03-24,0,6,0,2,0.5025,0.486733,0.885417,0.192783,1033
449,2012-03-25,0,0,0,2,0.4375,0.437488,0.880833,0.220775,1532
450,2012-03-26,0,1,1,1,0.445833,0.43875,0.477917,0.386821,795
451,2012-03-27,0,2,1,1,0.323333,0.315654,0.29,0.187192,531
452,2012-03-28,0,3,1,1,0.484167,0.47095,0.48125,0.291671,674
453,2012-03-29,0,4,1,1,0.494167,0.482304,0.439167,0.31965,834
454,2012-03-30,0,5,1,2,0.37,0.375621,0.580833,0.138067,796
455,2012-03-31,0,6,0,2,0.424167,0.421708,0.738333,0.250617,2301
456,2012-04-01,0,0,0,2,0.425833,0.417287,0.67625,0.172267,2347
457,2012-04-02,0,1,1,1,0.433913,0.427513,0.504348,0.312139,1208
458,2012-04-03,0,2,1,1,0.466667,0.461483,0.396667,0.100133,1348
459,2012-04-04,0,3,1,1,0.541667,0.53345,0.469583,0.180975,1058
460,2012-04-05,0,4,1,1,0.435,0.431163,0.374167,0.219529,1192
461,2012-04-06,0,5,1,1,0.403333,0.390767,0.377083,0.300388,1807
462,2012-04-07,0,6,0,1,0.4375,0.426129,0.254167,0.274871,3252
463,2012-04-08,0,0,0,1,0.5,0.492425,0.275833,0.232596,2230
464,2012-04-09,0,1,1,1,0.489167,0.476638,0.3175,0.358196,905
465,2012-04-10,0,2,1,1,0.446667,0.436233,0.435,0.249375,819
466,2012-04-11,0,3,1,1,0.348696,0.337274,0.469565,0.295274,482
467,2012-04-12,0,4,1,1,0.3975,0.387604,0.46625,0.290429,663
468,2012-04-13,0,5,1,1,0.4425,0.431808,0.408333,0.155471,1252
469,2012-04-14,0,6,0,1,0.495,0.487996,0.502917,0.190917,2795
470,2012-04-15,0,0,0,1,0.606667,0.573875,0.507917,0.225129,2846
471,2012-04-16,1,1,0,1,0.664167,0.614925,0.561667,0.284829,1198
472,2012-04-17,0,2,1,1,0.608333,0.598487,0.390417,0.273629,989
473,2012-04-18,0,3,1,2,0.463333,0.457038,0.569167,0.167912,347
474,2012-04-19,0,4,1,1,0.498333,0.493046,0.6125,0.0659292,846
475,2012-04-20,0,5,1,1,0.526667,0.515775,0.694583,0.149871,1340
476,2012-04-21,0,6,0,1,0.57,0.542921,0.682917,0.283587,2541
477,2012-04-22,0,0,0,3,0.396667,0.389504,0.835417,0.344546,120
478,2012-04-23,0,1,1,2,0.321667,0.301125,0.766667,0.303496,195
479,2012-04-24,0,2,1,1,0.413333,0.405283,0.454167,0.249383,518
480,2012-04-25,0,3,1,1,0.476667,0.470317,0.427917,0.118792,655
481,2012-04-26,0,4,1,2,0.498333,0.483583,0.756667,0.176625,475
482,2012-04-27,0,5,1,1,0.4575,0.452637,0.400833,0.347633,1014
483,2012-04-28,0,6,0,2,0.376667,0.377504,0.489583,0.129975,1120
484,2012-04-29,0,0,0,1,0.458333,0.450121,0.587083,0.116908,2229
485,2012-04-30,0,1,1,2,0.464167,0.457696,0.57,0.171638,665
486,2012-05-01,0,2,1,2,0.613333,0.577021,0.659583,0.156096,653
487,2012-05-02,0,3,1,1,0.564167,0.537896,0.797083,0.138058,667
488,2012-05-03,0,4,1,2,0.56,0.537242,0.768333,0.133696,764
489,2012-05-04,0,5,1,1,0.6275,0.590917,0.735417,0.162938,1069
490,2012-05-05,0,6,0,2,0.621667,0.584608,0.756667,0.152992,2496
491,2012-05-06,0,0,0,2,0.5625,0.546737,0.74,0.149879,2135
492,2012-05-07,0,1,1,2,0.5375,0.527142,0.664167,0.230721,1008
493,2012-05-08,0,2,1,2,0.581667,0.557471,0.685833,0.296029,738
494,2012-05-09,0,3,1,2,0.575,0.553025,0.744167,0.216412,620
495,2012-05-10,0,4,1,1,0.505833,0.491783,0.552083,0.314063,1026
496,2012-05-11,0,5,1,1,0.533333,0.520833,0.360417,0.236937,1319
497,2012-05-12,0,6,0,1,0.564167,0.544817,0.480417,0.123133,2622
498,2012-05-13,0,0,0,1,0.6125,0.585238,0.57625,0.225117,2172
499,2012-05-14,0,1,1,2,0.573333,0.5499,0.789583,0.212692,342
500,2012-05-15,0,2,1,2,0.611667,0.576404,0.794583,0.147392,625
501,2012-05-16,0,3,1,1,0.636667,0.595975,0.697917,0.122512,991
502,2012-05-17,0,4,1,1,0.593333,0.572613,0.52,0.229475,1242
503,2012-05-18,0,5,1,1,0.564167,0.551121,0.523333,0.136817,1521
504,2012-05-19,0,6,0,1,0.6,0.566908,0.45625,0.083975,3410
505,2012-05-20,0,0,0,1,0.620833,0.583967,0.530417,0.254367,2704
506,2012-05-21,0,1,1,2,0.598333,0.565667,0.81125,0.233204,630
507,2012-05-22,0,2,1,2,0.615,0.580825,0.765833,0.118167,819
508,2012-05-23,0,3,1,2,0.621667,0.584612,0.774583,0.102,766
509,2012-05-24,0,4,1,1,0.655,0.6067,0.716667,0.172896,1059
510,2012-05-25,0,5,1,1,0.68,0.627529,0.747083,0.14055,1417
511,2012-05-26,0,6,0,1,0.6925,0.642696,0.7325,0.198992,2855
512,2012-05-27,0,0,0,1,0.69,0.641425,0.697083,0.215171,3283
513,2012-05-28,1,1,0,1,0.7125,0.6793,0.67625,0.196521,2557
514,2012-05-29,0,2,1,1,0.7225,0.672992,0.684583,0.2954,880
515,2012-05-30,0,3,1,2,0.656667,0.611129,0.67,0.134329,745
516,2012-05-31,0,4,1,1,0.68,0.631329,0.492917,0.195279,1100
517,2012-06-01,0,5,1,2,0.654167,0.607962,0.755417,0.237563,533
518,2012-06-02,0,6,0,1,0.583333,0.566288,0.549167,0.186562,2795
519,2012-06-03,0,0,0,1,0.6025,0.575133,0.493333,0.184087,2494
520,2012-06-04,0,1,1,1,0.5975,0.578283,0.487083,0.284833,1071
521,2012-06-05,0,2,1,2,0.540833,0.525892,0.613333,0.209575,968
522,2012-06-06,0,3,1,1,0.554167,0.542292,0.61125,0.077125,1027
523,2012-06-07,0,4,1,1,0.6025,0.569442,0.567083,0.15735,1038
524,2012-06-08,0,5,1,1,0.649167,0.597862,0.467917,0.175383,1488
525,2012-06-09,0,6,0,1,0.710833,0.648367,0.437083,0.144287,2708
526,2012-06-10,0,0,0,1,0.726667,0.663517,0.538333,0.133721,2224
527,2012-06-11,0,1,1,2,0.720833,0.659721,0.587917,0.207713,1017
528,2012-06-12,0,2,1,2,0.653333,0.597875,0.833333,0.214546,477
529,2012-06-13,0,3,1,1,0.655833,0.611117,0.582083,0.343279,1173
530,2012-06-14,0,4,1,1,0.648333,0.624383,0.569583,0.253733,1180
531,2012-06-15,0,5,1,1,0.639167,0.599754,0.589583,0.176617,1563
532,2012-06-16,0,6,0,1,0.631667,0.594708,0.504167,0.166667,2963
533,2012-06-17,0,0,0,1,0.5925,0.571975,0.59875,0.144904,2634
534,2012-06-18,0,1,1,2,0.568333,0.544842,0.777917,0.174746,653
535,2012-06-19,0,2,1,1,0.688333,0.654692,0.69,0.148017,968
536,2012-06-20,0,3,1,1,0.7825,0.720975,0.592083,0.113812,872
537,2012-06-21,0,4,1,1,0.805833,0.752542,0.567917,0.118787,778
538,2012-06-22,0,5,1,1,0.7775,0.724121,0.57375,0.182842,964
539,2012-06-23,0,6,0,1,0.731667,0.652792,0.534583,0.179721,2657
540,2012-06-24,0,0,0,1,0.743333,0.674254,0.479167,0.145525,2551
541,2012-06-25,0,1,1,1,0.715833,0.654042,0.504167,0.300383,1139
542,2012-06-26,0,2,1,1,0.630833,0.594704,0.373333,0.347642,1077
543,2012-06-27,0,3,1,1,0.6975,0.640792,0.36,0.271775,1077
544,2012-06-28,0,4,1,1,0.749167,0.675512,0.4225,0.17165,921
545,2012-06-29,0,5,1,1,0.834167,0.786613,0.48875,0.165417,829
546,2012-06-30,0,6,0,1,0.765,0.687508,0.60125,0.161071,1455
547,2012-07-01,0,0,0,1,0.815833,0.750629,0.51875,0.168529,1421
548,2012-07-02,0,1,1,1,0.781667,0.702038,0.447083,0.195267,904
549,2012-07-03,0,2,1,1,0.780833,0.70265,0.492083,0.126237,1052
550,2012-07-04,1,3,0,1,0.789167,0.732337,0.53875,0.13495,2562
551,2012-07-05,0,4,1,1,0.8275,0.761367,0.457917,0.194029,1405
552,2012-07-06,0,5,1,1,0.828333,0.752533,0.450833,0.146142,1366
553,2012-07-07,0,6,0,1,0.861667,0.804913,0.492083,0.163554,1448
554,2012-07-08,0,0,0,1,0.8225,0.790396,0.57375,0.125629,1203
555,2012-07-09,0,1,1,2,0.710833,0.654054,0.683333,0.180975,998
556,2012-07-10,0,2,1,2,0.720833,0.664796,0.6675,0.151737,954
557,2012-07-11,0,3,1,1,0.716667,0.650271,0.633333,0.151733,975
558,2012-07-12,0,4,1,1,0.715833,0.654683,0.529583,0.146775,1032
559,2012-07-13,0,5,1,2,0.731667,0.667933,0.485833,0.08085,1511
560,2012-07-14,0,6,0,2,0.703333,0.666042,0.699167,0.143679,2355
561,2012-07-15,0,0,0,1,0.745833,0.705196,0.717917,0.166667,1920
562,2012-07-16,0,1,1,1,0.763333,0.724125,0.645,0.164187,1088
563,2012-07-17,0,2,1,1,0.818333,0.755683,0.505833,0.114429,921
564,2012-07-18,0,3,1,1,0.793333,0.745583,0.577083,0.137442,799
565,2012-07-19,0,4,1,1,0.77,0.714642,0.600417,0.165429,888
566,2012-07-20,0,5,1,2,0.665833,0.613025,0.844167,0.208967,747
567,2012-07-21,0,6,0,3,0.595833,0.549912,0.865417,0.2133,1264
568,2012-07-22,0,0,0,2,0.6675,0.623125,0.7625,0.0939208,2544
569,2012-07-23,0,1,1,1,0.741667,0.690017,0.694167,0.138683,1135
570,2012-07-24,0,2,1,1,0.750833,0.70645,0.655,0.211454,1140
571,2012-07-25,0,3,1,1,0.724167,0.654054,0.45,0.1648,1383
572,2012-07-26,0,4,1,1,0.776667,0.739263,0.596667,0.284813,1036
573,2012-07-27,0,5,1,1,0.781667,0.734217,0.594583,0.152992,1259
574,2012-07-28,0,6,0,1,0.755833,0.697604,0.613333,0.15735,2234
575,2012-07-29,0,0,0,1,0.721667,0.667933,0.62375,0.170396,2153
576,2012-07-30,0,1,1,1,0.730833,0.684987,0.66875,0.153617,1040
577,2012-07-31,0,2,1,1,0.713333,0.662896,0.704167,0.165425,968
578,2012-08-01,0,3,1,1,0.7175,0.667308,0.6775,0.141179,1074
579,2012-08-02,0,4,1,1,0.7525,0.707088,0.659583,0.129354,983
580,2012-08-03,0,5,1,2,0.765833,0.722867,0.6425,0.215792,1328
581,2012-08-04,0,6,0,1,0.793333,0.751267,0.613333,0.257458,2345
582,2012-08-05,0,0,0,1,0.769167,0.731079,0.6525,0.290421,1707
583,2012-08-06,0,1,1,2,0.7525,0.710246,0.654167,0.129354,1233
584,2012-08-07,0,2,1,2,0.735833,0.697621,0.70375,0.116908,1278
585,2012-08-08,0,3,1,2,0.75,0.707717,0.672917,0.1107,1263
586,2012-08-09,0,4,1,1,0.755833,0.699508,0.620417,0.1561,1196
587,2012-08-10,0,5,1,2,0.715833,0.667942,0.715833,0.238813,1065
588,2012-08-11,0,6,0,2,0.6925,0.638267,0.732917,0.206479,2247
589,2012-08-12,0,0,0,1,0.700833,0.644579,0.530417,0.122512,2182
590,2012-08-13,0,1,1,1,0.720833,0.662254,0.545417,0.136212,1207
591,2012-08-14,0,2,1,1,0.726667,0.676779,0.686667,0.169158,1128
592,2012-08-15,0,3,1,1,0.706667,0.654037,0.619583,0.169771,1198
593,2012-08-16,0,4,1,1,0.719167,0.654688,0.519167,0.141796,1338
594,2012-08-17,0,5,1,1,0.723333,0.2424,0.570833,0.231354,1483
595,2012-08-18,0,6,0,1,0.678333,0.618071,0.603333,0.177867,2827
596,2012-08-19,0,0,0,2,0.635833,0.603554,0.711667,0.08645,1208
597,2012-08-20,0,1,1,2,0.635833,0.595967,0.734167,0.129979,1026
598,2012-08-21,0,2,1,1,0.649167,0.601025,0.67375,0.0727708,1081
599,2012-08-22,0,3,1,1,0.6675,0.621854,0.677083,0.0702833,1094
600,2012-08-23,0,4,1,1,0.695833,0.637008,0.635833,0.0845958,1363
601,2012-08-24,0,5,1,2,0.7025,0.6471,0.615,0.0721458,1325
602,2012-08-25,0,6,0,2,0.661667,0.618696,0.712917,0.244408,1829
603,2012-08-26,0,0,0,2,0.653333,0.595996,0.845833,0.228858,1483
604,2012-08-27,0,1,1,1,0.703333,0.654688,0.730417,0.128733,989
605,2012-08-28,0,2,1,1,0.728333,0.66605,0.62,0.190925,935
606,2012-08-29,0,3,1,1,0.685,0.635733,0.552083,0.112562,1177
607,2012-08-30,0,4,1,1,0.706667,0.652779,0.590417,0.0771167,1172
608,2012-08-31,0,5,1,1,0.764167,0.6894,0.5875,0.168533,1433
609,2012-09-01,0,6,0,2,0.753333,0.702654,0.638333,0.113187,2352
610,2012-09-02,0,0,0,2,0.696667,0.649,0.815,0.0640708,2613
611,2012-09-03,1,1,0,1,0.7075,0.661629,0.790833,0.151121,1965
612,2012-09-04,0,2,1,1,0.725833,0.686888,0.755,0.236321,867
613,2012-09-05,0,3,1,1,0.736667,0.708983,0.74125,0.187808,832
614,2012-09-06,0,4,1,2,0.696667,0.655329,0.810417,0.142421,611
615,2012-09-07,0,5,1,1,0.703333,0.657204,0.73625,0.171646,1045
616,2012-09-08,0,6,0,2,0.659167,0.611121,0.799167,0.281104,1557
617,2012-09-09,0,0,0,1,0.61,0.578925,0.5475,0.224496,2570
618,2012-09-10,0,1,1,1,0.583333,0.565654,0.50375,0.258713,1118
619,2012-09-11,0,2,1,1,0.5775,0.554292,0.52,0.0920542,1070
620,2012-09-12,0,3,1,1,0.599167,0.570075,0.577083,0.131846,1050
621,2012-09-13,0,4,1,1,0.6125,0.579558,0.637083,0.0827208,1054
622,2012-09-14,0,5,1,1,0.633333,0.594083,0.6725,0.103863,1379
623,2012-09-15,0,6,0,1,0.608333,0.585867,0.501667,0.247521,3160
624,2012-09-16,0,0,0,1,0.58,0.563125,0.57,0.0901833,2166
625,2012-09-17,0,1,1,2,0.580833,0.55305,0.734583,0.151742,1022
626,2012-09-18,0,2,1,2,0.623333,0.565067,0.8725,0.357587,371
627,2012-09-19,0,3,1,1,0.5525,0.540404,0.536667,0.215175,788
628,2012-09-20,0,4,1,1,0.546667,0.532192,0.618333,0.118167,939
629,2012-09-21,0,5,1,1,0.599167,0.571971,0.66875,0.154229,1250
630,2012-09-22,0,6,0,1,0.65,0.610488,0.646667,0.283583,2512
631,2012-09-23,0,0,0,1,0.529167,0.518933,0.467083,0.223258,2454
632,2012-09-24,0,1,1,1,0.514167,0.502513,0.492917,0.142404,1001
633,2012-09-25,0,2,1,1,0.55,0.544179,0.57,0.236321,845
634,2012-09-26,0,3,1,1,0.635,0.596613,0.630833,0.2444,787
635,2012-09-27,0,4,1,2,0.65,0.607975,0.690833,0.134342,751
636,2012-09-28,0,5,1,2,0.619167,0.585863,0.69,0.164179,1045
637,2012-09-29,0,6,0,1,0.5425,0.530296,0.542917,0.227604,2589
638,2012-09-30,0,0,0,1,0.526667,0.517663,0.583333,0.134958,2015
639,2012-10-01,0,1,1,2,0.520833,0.512,0.649167,0.0908042,763
640,2012-10-02,0,2,1,3,0.590833,0.542333,0.871667,0.104475,315
641,2012-10-03,0,3,1,2,0.6575,0.599133,0.79375,0.0665458,728
642,2012-10-04,0,4,1,2,0.6575,0.607975,0.722917,0.117546,891
643,2012-10-05,0,5,1,1,0.615,0.580187,0.6275,0.10635,1516
644,2012-10-06,0,6,0,1,0.554167,0.538521,0.664167,0.268025,3031
645,2012-10-07,0,0,0,2,0.415833,0.419813,0.708333,0.141162,781
646,2012-10-08,1,1,0,2,0.383333,0.387608,0.709583,0.189679,874
647,2012-10-09,0,2,1,2,0.446667,0.438112,0.761667,0.1903,601
648,2012-10-10,0,3,1,1,0.514167,0.503142,0.630833,0.187821,780
649,2012-10-11,0,4,1,1,0.435,0.431167,0.463333,0.181596,834
650,2012-10-12,0,5,1,1,0.4375,0.433071,0.539167,0.235092,1060
651,2012-10-13,0,6,0,1,0.393333,0.391396,0.494583,0.146142,2252
652,2012-10-14,0,0,0,1,0.521667,0.508204,0.640417,0.278612,2080
653,2012-10-15,0,1,1,2,0.561667,0.53915,0.7075,0.296037,760
654,2012-10-16,0,2,1,1,0.468333,0.460846,0.558333,0.182221,922
655,2012-10-17,0,3,1,1,0.455833,0.450108,0.692917,0.101371,979
656,2012-10-18,0,4,1,2,0.5225,0.512625,0.728333,0.236937,1008
657,2012-10-19,0,5,1,2,0.563333,0.537896,0.815,0.134954,753
658,2012-10-20,0,6,0,1,0.484167,0.472842,0.572917,0.117537,2806
659,2012-10-21,0,0,0,1,0.464167,0.456429,0.51,0.166054,2132
660,2012-10-22,0,1,1,1,0.4875,0.482942,0.568333,0.0814833,830
661,2012-10-23,0,2,1,1,0.544167,0.530304,0.641667,0.0945458,841
662,2012-10-24,0,3,1,1,0.5875,0.558721,0.63625,0.0727792,795
663,2012-10-25,0,4,1,2,0.55,0.529688,0.800417,0.124375,875
664,2012-10-26,0,5,1,2,0.545833,0.52275,0.807083,0.132467,1182
665,2012-10-27,0,6,0,2,0.53,0.515133,0.72,0.235692,2643
666,2012-10-28,0,0,0,2,0.4775,0.467771,0.694583,0.398008,998
667,2012-10-29,0,1,1,3,0.44,0.4394,0.88,0.3582,2
668,2012-10-30,0,2,1,2,0.318182,0.309909,0.825455,0.213009,87
669,2012-10-31,0,3,1,2,0.3575,0.3611,0.666667,0.166667,419
670,2012-11-01,0,4,1,2,0.365833,0.369942,0.581667,0.157346,466
671,2012-11-02,0,5,1,1,0.355,0.356042,0.522083,0.266175,618
672,2012-11-03,0,6,0,2,0.343333,0.323846,0.49125,0.270529,1029
673,2012-11-04,0,0,0,1,0.325833,0.329538,0.532917,0.179108,1201
674,2012-11-05,0,1,1,1,0.319167,0.308075,0.494167,0.236325,378
675,2012-11-06,0,2,1,1,0.280833,0.281567,0.567083,0.173513,466
676,2012-11-07,0,3,1,2,0.295833,0.274621,0.5475,0.304108,326
677,2012-11-08,0,4,1,1,0.352174,0.341891,0.333478,0.347835,340
678,2012-11-09,0,5,1,1,0.361667,0.355413,0.540833,0.214558,709
679,2012-11-10,0,6,0,1,0.389167,0.393937,0.645417,0.0578458,2090
680,2012-11-11,0,0,0,1,0.420833,0.421713,0.659167,0.1275,2290
681,2012-11-12,1,1,0,1,0.485,0.475383,0.741667,0.173517,1097
682,2012-11-13,0,2,1,2,0.343333,0.323225,0.662917,0.342046,327
683,2012-11-14,0,3,1,1,0.289167,0.281563,0.552083,0.199625,373
684,2012-11-15,0,4,1,2,0.321667,0.324492,0.620417,0.152987,320
685,2012-11-16,0,5,1,1,0.345,0.347204,0.524583,0.171025,484
686,2012-11-17,0,6,0,1,0.325,0.326383,0.545417,0.179729,1313
687,2012-11-18,0,0,0,1,0.3425,0.337746,0.692917,0.227612,922
688,2012-11-19,0,1,1,2,0.380833,0.375621,0.623333,0.235067,449
689,2012-11-20,0,2,1,2,0.374167,0.380667,0.685,0.082725,534
690,2012-11-21,0,3,1,1,0.353333,0.364892,0.61375,0.103246,615
691,2012-11-22,1,4,0,1,0.34,0.350371,0.580417,0.0528708,955
692,2012-11-23,0,5,1,1,0.368333,0.378779,0.56875,0.148021,1603
693,2012-11-24,0,6,0,1,0.278333,0.248742,0.404583,0.376871,532
694,2012-11-25,0,0,0,1,0.245833,0.257583,0.468333,0.1505,309
695,2012-11-26,0,1,1,1,0.313333,0.339004,0.535417,0.04665,337
696,2012-11-27,0,2,1,2,0.291667,0.281558,0.786667,0.237562,123
697,2012-11-28,0,3,1,1,0.296667,0.289762,0.50625,0.210821,198
698,2012-11-29,0,4,1,1,0.28087,0.298422,0.555652,0.115522,243
699,2012-11-30,0,5,1,1,0.298333,0.323867,0.649583,0.0584708,362
700,2012-12-01,0,6,0,2,0.298333,0.316904,0.806667,0.0597042,951
701,2012-12-02,0,0,0,2,0.3475,0.359208,0.823333,0.124379,892
702,2012-12-03,0,1,1,1,0.4525,0.455796,0.7675,0.0827208,555
703,2012-12-04,0,2,1,1,0.475833,0.469054,0.73375,0.174129,551
704,2012-12-05,0,3,1,1,0.438333,0.428012,0.485,0.324021,331
705,2012-12-06,0,4,1,1,0.255833,0.258204,0.50875,0.174754,340
706,2012-12-07,0,5,1,2,0.320833,0.321958,0.764167,0.1306,349
707,2012-12-08,0,6,0,2,0.381667,0.389508,0.91125,0.101379,1153
708,2012-12-09,0,0,0,2,0.384167,0.390146,0.905417,0.157975,441
709,2012-12-10,0,1,1,2,0.435833,0.435575,0.925,0.190308,329
710,2012-12-11,0,2,1,2,0.353333,0.338363,0.596667,0.296037,282
711,2012-12-12,0,3,1,2,0.2975,0.297338,0.538333,0.162937,310
712,2012-12-13,0,4,1,1,0.295833,0.294188,0.485833,0.174129,425
713,2012-12-14,0,5,1,1,0.281667,0.294192,0.642917,0.131229,429
714,2012-12-15,0,6,0,1,0.324167,0.338383,0.650417,0.10635,767
715,2012-12-16,0,0,0,2,0.3625,0.369938,0.83875,0.100742,538
716,2012-12-17,0,1,1,2,0.393333,0.4015,0.907083,0.0982583,212
717,2012-12-18,0,2,1,1,0.410833,0.409708,0.66625,0.221404,433
718,2012-12-19,0,3,1,1,0.3325,0.342162,0.625417,0.184092,333
719,2012-12-20,0,4,1,2,0.33,0.335217,0.667917,0.132463,314
720,2012-12-21,0,5,1,2,0.326667,0.301767,0.556667,0.374383,221
721,2012-12-22,0,6,0,1,0.265833,0.236113,0.44125,0.407346,205
722,2012-12-23,0,0,0,1,0.245833,0.259471,0.515417,0.133083,408
723,2012-12-24,0,1,1,2,0.231304,0.2589,0.791304,0.0772304,174
724,2012-12-25,1,2,0,2,0.291304,0.294465,0.734783,0.168726,440
725,2012-12-26,0,3,1,3,0.243333,0.220333,0.823333,0.316546,9
726,2012-12-27,0,4,1,2,0.254167,0.226642,0.652917,0.350133,247
727,2012-12-28,0,5,1,2,0.253333,0.255046,0.59,0.155471,644
728,2012-12-29,0,6,0,2,0.253333,0.2424,0.752917,0.124383,159
729,2012-12-30,0,0,0,1,0.255833,0.2317,0.483333,0.350754,364
730,2012-12-31,0,1,1,2,0.215833,0.223487,0.5775,0.154846,439
